quota3,quota2,quota1,quota0,consume,license_valid,service_available,allow,deny_reason1,deny_reason0,remaining3,remaining2,remaining1,remaining0
0,0,0,0,0,0,0,0,0,1,0,0,0,0
0,0,0,0,0,0,1,0,0,1,0,0,0,0
0,0,0,0,0,1,0,0,1,0,0,0,0,0
0,0,0,0,0,1,1,0,1,1,0,0,0,0
0,0,0,0,1,0,0,0,0,1,0,0,0,0
0,0,0,0,1,0,1,0,0,1,0,0,0,0
0,0,0,0,1,1,0,0,1,0,0,0,0,0
0,0,0,0,1,1,1,0,1,1,0,0,0,0
0,0,0,1,0,0,0,0,0,1,0,0,0,1
0,0,0,1,0,0,1,0,0,1,0,0,0,1
0,0,0,1,0,1,0,0,1,0,0,0,0,1
0,0,0,1,0,1,1,1,0,0,0,0,0,1
0,0,0,1,1,0,0,0,0,1,0,0,0,1
0,0,0,1,1,0,1,0,0,1,0,0,0,1
0,0,0,1,1,1,0,0,1,0,0,0,0,1
0,0,0,1,1,1,1,1,0,0,0,0,0,0
0,0,1,0,0,0,0,0,0,1,0,0,1,0
0,0,1,0,0,0,1,0,0,1,0,0,1,0
0,0,1,0,0,1,0,0,1,0,0,0,1,0
0,0,1,0,0,1,1,1,0,0,0,0,1,0
0,0,1,0,1,0,0,0,0,1,0,0,1,0
0,0,1,0,1,0,1,0,0,1,0,0,1,0
0,0,1,0,1,1,0,0,1,0,0,0,1,0
0,0,1,0,1,1,1,1,0,0,0,0,0,1
0,0,1,1,0,0,0,0,0,1,0,0,1,1
0,0,1,1,0,0,1,0,0,1,0,0,1,1
0,0,1,1,0,1,0,0,1,0,0,0,1,1
0,0,1,1,0,1,1,1,0,0,0,0,1,1
0,0,1,1,1,0,0,0,0,1,0,0,1,1
0,0,1,1,1,0,1,0,0,1,0,0,1,1
0,0,1,1,1,1,0,0,1,0,0,0,1,1
0,0,1,1,1,1,1,1,0,0,0,0,1,0
0,1,0,0,0,0,0,0,0,1,0,1,0,0
0,1,0,0,0,0,1,0,0,1,0,1,0,0
0,1,0,0,0,1,0,0,1,0,0,1,0,0
0,1,0,0,0,1,1,1,0,0,0,1,0,0
0,1,0,0,1,0,0,0,0,1,0,1,0,0
0,1,0,0,1,0,1,0,0,1,0,1,0,0
0,1,0,0,1,1,0,0,1,0,0,1,0,0
0,1,0,0,1,1,1,1,0,0,0,0,1,1
0,1,0,1,0,0,0,0,0,1,0,1,0,1
0,1,0,1,0,0,1,0,0,1,0,1,0,1
0,1,0,1,0,1,0,0,1,0,0,1,0,1
0,1,0,1,0,1,1,1,0,0,0,1,0,1
0,1,0,1,1,0,0,0,0,1,0,1,0,1
0,1,0,1,1,0,1,0,0,1,0,1,0,1
0,1,0,1,1,1,0,0,1,0,0,1,0,1
0,1,0,1,1,1,1,1,0,0,0,1,0,0
0,1,1,0,0,0,0,0,0,1,0,1,1,0
0,1,1,0,0,0,1,0,0,1,0,1,1,0
0,1,1,0,0,1,0,0,1,0,0,1,1,0
0,1,1,0,0,1,1,1,0,0,0,1,1,0
0,1,1,0,1,0,0,0,0,1,0,1,1,0
0,1,1,0,1,0,1,0,0,1,0,1,1,0
0,1,1,0,1,1,0,0,1,0,0,1,1,0
0,1,1,0,1,1,1,1,0,0,0,1,0,1
0,1,1,1,0,0,0,0,0,1,0,1,1,1
0,1,1,1,0,0,1,0,0,1,0,1,1,1
0,1,1,1,0,1,0,0,1,0,0,1,1,1
0,1,1,1,0,1,1,1,0,0,0,1,1,1
0,1,1,1,1,0,0,0,0,1,0,1,1,1
0,1,1,1,1,0,1,0,0,1,0,1,1,1
0,1,1,1,1,1,0,0,1,0,0,1,1,1
0,1,1,1,1,1,1,1,0,0,0,1,1,0
1,0,0,0,0,0,0,0,0,1,1,0,0,0
1,0,0,0,0,0,1,0,0,1,1,0,0,0
1,0,0,0,0,1,0,0,1,0,1,0,0,0
1,0,0,0,0,1,1,1,0,0,1,0,0,0
1,0,0,0,1,0,0,0,0,1,1,0,0,0
1,0,0,0,1,0,1,0,0,1,1,0,0,0
1,0,0,0,1,1,0,0,1,0,1,0,0,0
1,0,0,0,1,1,1,1,0,0,0,1,1,1
1,0,0,1,0,0,0,0,0,1,1,0,0,1
1,0,0,1,0,0,1,0,0,1,1,0,0,1
1,0,0,1,0,1,0,0,1,0,1,0,0,1
1,0,0,1,0,1,1,1,0,0,1,0,0,1
1,0,0,1,1,0,0,0,0,1,1,0,0,1
1,0,0,1,1,0,1,0,0,1,1,0,0,1
1,0,0,1,1,1,0,0,1,0,1,0,0,1
1,0,0,1,1,1,1,1,0,0,1,0,0,0
1,0,1,0,0,0,0,0,0,1,1,0,1,0
1,0,1,0,0,0,1,0,0,1,1,0,1,0
1,0,1,0,0,1,0,0,1,0,1,0,1,0
1,0,1,0,0,1,1,1,0,0,1,0,1,0
1,0,1,0,1,0,0,0,0,1,1,0,1,0
1,0,1,0,1,0,1,0,0,1,1,0,1,0
1,0,1,0,1,1,0,0,1,0,1,0,1,0
1,0,1,0,1,1,1,1,0,0,1,0,0,1
1,0,1,1,0,0,0,0,0,1,1,0,1,1
1,0,1,1,0,0,1,0,0,1,1,0,1,1
1,0,1,1,0,1,0,0,1,0,1,0,1,1
1,0,1,1,0,1,1,1,0,0,1,0,1,1
1,0,1,1,1,0,0,0,0,1,1,0,1,1
1,0,1,1,1,0,1,0,0,1,1,0,1,1
1,0,1,1,1,1,0,0,1,0,1,0,1,1
1,0,1,1,1,1,1,1,0,0,1,0,1,0
1,1,0,0,0,0,0,0,0,1,1,1,0,0
1,1,0,0,0,0,1,0,0,1,1,1,0,0
1,1,0,0,0,1,0,0,1,0,1,1,0,0
1,1,0,0,0,1,1,1,0,0,1,1,0,0
1,1,0,0,1,0,0,0,0,1,1,1,0,0
1,1,0,0,1,0,1,0,0,1,1,1,0,0
1,1,0,0,1,1,0,0,1,0,1,1,0,0
1,1,0,0,1,1,1,1,0,0,1,0,1,1
1,1,0,1,0,0,0,0,0,1,1,1,0,1
1,1,0,1,0,0,1,0,0,1,1,1,0,1
1,1,0,1,0,1,0,0,1,0,1,1,0,1
1,1,0,1,0,1,1,1,0,0,1,1,0,1
1,1,0,1,1,0,0,0,0,1,1,1,0,1
1,1,0,1,1,0,1,0,0,1,1,1,0,1
1,1,0,1,1,1,0,0,1,0,1,1,0,1
1,1,0,1,1,1,1,1,0,0,1,1,0,0
1,1,1,0,0,0,0,0,0,1,1,1,1,0
1,1,1,0,0,0,1,0,0,1,1,1,1,0
1,1,1,0,0,1,0,0,1,0,1,1,1,0
1,1,1,0,0,1,1,1,0,0,1,1,1,0
1,1,1,0,1,0,0,0,0,1,1,1,1,0
1,1,1,0,1,0,1,0,0,1,1,1,1,0
1,1,1,0,1,1,0,0,1,0,1,1,1,0
1,1,1,0,1,1,1,1,0,0,1,1,0,1
1,1,1,1,0,0,0,0,0,1,1,1,1,1
1,1,1,1,0,0,1,0,0,1,1,1,1,1
1,1,1,1,0,1,0,0,1,0,1,1,1,1
1,1,1,1,0,1,1,1,0,0,1,1,1,1
1,1,1,1,1,0,0,0,0,1,1,1,1,1
1,1,1,1,1,0,1,0,0,1,1,1,1,1
1,1,1,1,1,1,0,0,1,0,1,1,1,1
1,1,1,1,1,1,1,1,0,0,1,1,1,0
