skill_id3,skill_id2,skill_id1,skill_id0,skill_valid,licensed,service_available,license_type1,license_type0,allow,route_id3,route_id2,route_id1,route_id0,royalty_bucket1,royalty_bucket0
0,0,0,0,0,0,0,0,0,0,0,0,0,0,0,0
0,0,0,0,0,0,0,0,1,0,0,0,0,0,0,0
0,0,0,0,0,0,0,1,0,0,0,0,0,0,0,0
0,0,0,0,0,0,0,1,1,0,0,0,0,0,0,0
0,0,0,0,0,0,1,0,0,0,0,0,0,0,0,0
0,0,0,0,0,0,1,0,1,0,0,0,0,0,0,0
0,0,0,0,0,0,1,1,0,0,0,0,0,0,0,0
0,0,0,0,0,0,1,1,1,0,0,0,0,0,0,0
0,0,0,0,0,1,0,0,0,0,0,0,0,0,0,0
0,0,0,0,0,1,0,0,1,0,0,0,0,0,0,0
0,0,0,0,0,1,0,1,0,0,0,0,0,0,0,0
0,0,0,0,0,1,0,1,1,0,0,0,0,0,0,0
0,0,0,0,0,1,1,0,0,0,0,0,0,0,0,0
0,0,0,0,0,1,1,0,1,0,0,0,0,0,0,0
0,0,0,0,0,1,1,1,0,0,0,0,0,0,0,0
0,0,0,0,0,1,1,1,1,0,0,0,0,0,0,0
0,0,0,0,1,0,0,0,0,0,0,0,0,0,0,0
0,0,0,0,1,0,0,0,1,0,0,0,0,0,0,0
0,0,0,0,1,0,0,1,0,0,0,0,0,0,0,0
0,0,0,0,1,0,0,1,1,0,0,0,0,0,0,0
0,0,0,0,1,0,1,0,0,0,0,0,0,0,0,0
0,0,0,0,1,0,1,0,1,0,0,0,0,0,0,0
0,0,0,0,1,0,1,1,0,0,0,0,0,0,0,0
0,0,0,0,1,0,1,1,1,0,0,0,0,0,0,0
0,0,0,0,1,1,0,0,0,0,0,0,0,0,0,0
0,0,0,0,1,1,0,0,1,0,0,0,0,0,0,0
0,0,0,0,1,1,0,1,0,0,0,0,0,0,0,0
0,0,0,0,1,1,0,1,1,0,0,0,0,0,0,0
0,0,0,0,1,1,1,0,0,1,0,0,0,0,0,0
0,0,0,0,1,1,1,0,1,1,0,0,0,0,0,1
0,0,0,0,1,1,1,1,0,1,0,0,0,0,1,0
0,0,0,0,1,1,1,1,1,1,0,0,0,0,1,1
0,0,0,1,0,0,0,0,0,0,0,0,0,0,0,0
0,0,0,1,0,0,0,0,1,0,0,0,0,0,0,0
0,0,0,1,0,0,0,1,0,0,0,0,0,0,0,0
0,0,0,1,0,0,0,1,1,0,0,0,0,0,0,0
0,0,0,1,0,0,1,0,0,0,0,0,0,0,0,0
0,0,0,1,0,0,1,0,1,0,0,0,0,0,0,0
0,0,0,1,0,0,1,1,0,0,0,0,0,0,0,0
0,0,0,1,0,0,1,1,1,0,0,0,0,0,0,0
0,0,0,1,0,1,0,0,0,0,0,0,0,0,0,0
0,0,0,1,0,1,0,0,1,0,0,0,0,0,0,0
0,0,0,1,0,1,0,1,0,0,0,0,0,0,0,0
0,0,0,1,0,1,0,1,1,0,0,0,0,0,0,0
0,0,0,1,0,1,1,0,0,0,0,0,0,0,0,0
0,0,0,1,0,1,1,0,1,0,0,0,0,0,0,0
0,0,0,1,0,1,1,1,0,0,0,0,0,0,0,0
0,0,0,1,0,1,1,1,1,0,0,0,0,0,0,0
0,0,0,1,1,0,0,0,0,0,0,0,0,0,0,0
0,0,0,1,1,0,0,0,1,0,0,0,0,0,0,0
0,0,0,1,1,0,0,1,0,0,0,0,0,0,0,0
0,0,0,1,1,0,0,1,1,0,0,0,0,0,0,0
0,0,0,1,1,0,1,0,0,0,0,0,0,0,0,0
0,0,0,1,1,0,1,0,1,0,0,0,0,0,0,0
0,0,0,1,1,0,1,1,0,0,0,0,0,0,0,0
0,0,0,1,1,0,1,1,1,0,0,0,0,0,0,0
0,0,0,1,1,1,0,0,0,0,0,0,0,0,0,0
0,0,0,1,1,1,0,0,1,0,0,0,0,0,0,0
0,0,0,1,1,1,0,1,0,0,0,0,0,0,0,0
0,0,0,1,1,1,0,1,1,0,0,0,0,0,0,0
0,0,0,1,1,1,1,0,0,1,0,0,0,1,0,0
0,0,0,1,1,1,1,0,1,1,0,0,0,1,0,1
0,0,0,1,1,1,1,1,0,1,0,0,0,1,1,0
0,0,0,1,1,1,1,1,1,1,0,0,0,1,1,1
0,0,1,0,0,0,0,0,0,0,0,0,0,0,0,0
0,0,1,0,0,0,0,0,1,0,0,0,0,0,0,0
0,0,1,0,0,0,0,1,0,0,0,0,0,0,0,0
0,0,1,0,0,0,0,1,1,0,0,0,0,0,0,0
0,0,1,0,0,0,1,0,0,0,0,0,0,0,0,0
0,0,1,0,0,0,1,0,1,0,0,0,0,0,0,0
0,0,1,0,0,0,1,1,0,0,0,0,0,0,0,0
0,0,1,0,0,0,1,1,1,0,0,0,0,0,0,0
0,0,1,0,0,1,0,0,0,0,0,0,0,0,0,0
0,0,1,0,0,1,0,0,1,0,0,0,0,0,0,0
0,0,1,0,0,1,0,1,0,0,0,0,0,0,0,0
0,0,1,0,0,1,0,1,1,0,0,0,0,0,0,0
0,0,1,0,0,1,1,0,0,0,0,0,0,0,0,0
0,0,1,0,0,1,1,0,1,0,0,0,0,0,0,0
0,0,1,0,0,1,1,1,0,0,0,0,0,0,0,0
0,0,1,0,0,1,1,1,1,0,0,0,0,0,0,0
0,0,1,0,1,0,0,0,0,0,0,0,0,0,0,0
0,0,1,0,1,0,0,0,1,0,0,0,0,0,0,0
0,0,1,0,1,0,0,1,0,0,0,0,0,0,0,0
0,0,1,0,1,0,0,1,1,0,0,0,0,0,0,0
0,0,1,0,1,0,1,0,0,0,0,0,0,0,0,0
0,0,1,0,1,0,1,0,1,0,0,0,0,0,0,0
0,0,1,0,1,0,1,1,0,0,0,0,0,0,0,0
0,0,1,0,1,0,1,1,1,0,0,0,0,0,0,0
0,0,1,0,1,1,0,0,0,0,0,0,0,0,0,0
0,0,1,0,1,1,0,0,1,0,0,0,0,0,0,0
0,0,1,0,1,1,0,1,0,0,0,0,0,0,0,0
0,0,1,0,1,1,0,1,1,0,0,0,0,0,0,0
0,0,1,0,1,1,1,0,0,1,0,0,1,0,0,0
0,0,1,0,1,1,1,0,1,1,0,0,1,0,0,1
0,0,1,0,1,1,1,1,0,1,0,0,1,0,1,0
0,0,1,0,1,1,1,1,1,1,0,0,1,0,1,1
0,0,1,1,0,0,0,0,0,0,0,0,0,0,0,0
0,0,1,1,0,0,0,0,1,0,0,0,0,0,0,0
0,0,1,1,0,0,0,1,0,0,0,0,0,0,0,0
0,0,1,1,0,0,0,1,1,0,0,0,0,0,0,0
0,0,1,1,0,0,1,0,0,0,0,0,0,0,0,0
0,0,1,1,0,0,1,0,1,0,0,0,0,0,0,0
0,0,1,1,0,0,1,1,0,0,0,0,0,0,0,0
0,0,1,1,0,0,1,1,1,0,0,0,0,0,0,0
0,0,1,1,0,1,0,0,0,0,0,0,0,0,0,0
0,0,1,1,0,1,0,0,1,0,0,0,0,0,0,0
0,0,1,1,0,1,0,1,0,0,0,0,0,0,0,0
0,0,1,1,0,1,0,1,1,0,0,0,0,0,0,0
0,0,1,1,0,1,1,0,0,0,0,0,0,0,0,0
0,0,1,1,0,1,1,0,1,0,0,0,0,0,0,0
0,0,1,1,0,1,1,1,0,0,0,0,0,0,0,0
0,0,1,1,0,1,1,1,1,0,0,0,0,0,0,0
0,0,1,1,1,0,0,0,0,0,0,0,0,0,0,0
0,0,1,1,1,0,0,0,1,0,0,0,0,0,0,0
0,0,1,1,1,0,0,1,0,0,0,0,0,0,0,0
0,0,1,1,1,0,0,1,1,0,0,0,0,0,0,0
0,0,1,1,1,0,1,0,0,0,0,0,0,0,0,0
0,0,1,1,1,0,1,0,1,0,0,0,0,0,0,0
0,0,1,1,1,0,1,1,0,0,0,0,0,0,0,0
0,0,1,1,1,0,1,1,1,0,0,0,0,0,0,0
0,0,1,1,1,1,0,0,0,0,0,0,0,0,0,0
0,0,1,1,1,1,0,0,1,0,0,0,0,0,0,0
0,0,1,1,1,1,0,1,0,0,0,0,0,0,0,0
0,0,1,1,1,1,0,1,1,0,0,0,0,0,0,0
0,0,1,1,1,1,1,0,0,1,0,0,1,1,0,0
0,0,1,1,1,1,1,0,1,1,0,0,1,1,0,1
0,0,1,1,1,1,1,1,0,1,0,0,1,1,1,0
0,0,1,1,1,1,1,1,1,1,0,0,1,1,1,1
0,1,0,0,0,0,0,0,0,0,0,0,0,0,0,0
0,1,0,0,0,0,0,0,1,0,0,0,0,0,0,0
0,1,0,0,0,0,0,1,0,0,0,0,0,0,0,0
0,1,0,0,0,0,0,1,1,0,0,0,0,0,0,0
0,1,0,0,0,0,1,0,0,0,0,0,0,0,0,0
0,1,0,0,0,0,1,0,1,0,0,0,0,0,0,0
0,1,0,0,0,0,1,1,0,0,0,0,0,0,0,0
0,1,0,0,0,0,1,1,1,0,0,0,0,0,0,0
0,1,0,0,0,1,0,0,0,0,0,0,0,0,0,0
0,1,0,0,0,1,0,0,1,0,0,0,0,0,0,0
0,1,0,0,0,1,0,1,0,0,0,0,0,0,0,0
0,1,0,0,0,1,0,1,1,0,0,0,0,0,0,0
0,1,0,0,0,1,1,0,0,0,0,0,0,0,0,0
0,1,0,0,0,1,1,0,1,0,0,0,0,0,0,0
0,1,0,0,0,1,1,1,0,0,0,0,0,0,0,0
0,1,0,0,0,1,1,1,1,0,0,0,0,0,0,0
0,1,0,0,1,0,0,0,0,0,0,0,0,0,0,0
0,1,0,0,1,0,0,0,1,0,0,0,0,0,0,0
0,1,0,0,1,0,0,1,0,0,0,0,0,0,0,0
0,1,0,0,1,0,0,1,1,0,0,0,0,0,0,0
0,1,0,0,1,0,1,0,0,0,0,0,0,0,0,0
0,1,0,0,1,0,1,0,1,0,0,0,0,0,0,0
0,1,0,0,1,0,1,1,0,0,0,0,0,0,0,0
0,1,0,0,1,0,1,1,1,0,0,0,0,0,0,0
0,1,0,0,1,1,0,0,0,0,0,0,0,0,0,0
0,1,0,0,1,1,0,0,1,0,0,0,0,0,0,0
0,1,0,0,1,1,0,1,0,0,0,0,0,0,0,0
0,1,0,0,1,1,0,1,1,0,0,0,0,0,0,0
0,1,0,0,1,1,1,0,0,1,0,1,0,0,0,0
0,1,0,0,1,1,1,0,1,1,0,1,0,0,0,1
0,1,0,0,1,1,1,1,0,1,0,1,0,0,1,0
0,1,0,0,1,1,1,1,1,1,0,1,0,0,1,1
0,1,0,1,0,0,0,0,0,0,0,0,0,0,0,0
0,1,0,1,0,0,0,0,1,0,0,0,0,0,0,0
0,1,0,1,0,0,0,1,0,0,0,0,0,0,0,0
0,1,0,1,0,0,0,1,1,0,0,0,0,0,0,0
0,1,0,1,0,0,1,0,0,0,0,0,0,0,0,0
0,1,0,1,0,0,1,0,1,0,0,0,0,0,0,0
0,1,0,1,0,0,1,1,0,0,0,0,0,0,0,0
0,1,0,1,0,0,1,1,1,0,0,0,0,0,0,0
0,1,0,1,0,1,0,0,0,0,0,0,0,0,0,0
0,1,0,1,0,1,0,0,1,0,0,0,0,0,0,0
0,1,0,1,0,1,0,1,0,0,0,0,0,0,0,0
0,1,0,1,0,1,0,1,1,0,0,0,0,0,0,0
0,1,0,1,0,1,1,0,0,0,0,0,0,0,0,0
0,1,0,1,0,1,1,0,1,0,0,0,0,0,0,0
0,1,0,1,0,1,1,1,0,0,0,0,0,0,0,0
0,1,0,1,0,1,1,1,1,0,0,0,0,0,0,0
0,1,0,1,1,0,0,0,0,0,0,0,0,0,0,0
0,1,0,1,1,0,0,0,1,0,0,0,0,0,0,0
0,1,0,1,1,0,0,1,0,0,0,0,0,0,0,0
0,1,0,1,1,0,0,1,1,0,0,0,0,0,0,0
0,1,0,1,1,0,1,0,0,0,0,0,0,0,0,0
0,1,0,1,1,0,1,0,1,0,0,0,0,0,0,0
0,1,0,1,1,0,1,1,0,0,0,0,0,0,0,0
0,1,0,1,1,0,1,1,1,0,0,0,0,0,0,0
0,1,0,1,1,1,0,0,0,0,0,0,0,0,0,0
0,1,0,1,1,1,0,0,1,0,0,0,0,0,0,0
0,1,0,1,1,1,0,1,0,0,0,0,0,0,0,0
0,1,0,1,1,1,0,1,1,0,0,0,0,0,0,0
0,1,0,1,1,1,1,0,0,1,0,1,0,1,0,0
0,1,0,1,1,1,1,0,1,1,0,1,0,1,0,1
0,1,0,1,1,1,1,1,0,1,0,1,0,1,1,0
0,1,0,1,1,1,1,1,1,1,0,1,0,1,1,1
0,1,1,0,0,0,0,0,0,0,0,0,0,0,0,0
0,1,1,0,0,0,0,0,1,0,0,0,0,0,0,0
0,1,1,0,0,0,0,1,0,0,0,0,0,0,0,0
0,1,1,0,0,0,0,1,1,0,0,0,0,0,0,0
0,1,1,0,0,0,1,0,0,0,0,0,0,0,0,0
0,1,1,0,0,0,1,0,1,0,0,0,0,0,0,0
0,1,1,0,0,0,1,1,0,0,0,0,0,0,0,0
0,1,1,0,0,0,1,1,1,0,0,0,0,0,0,0
0,1,1,0,0,1,0,0,0,0,0,0,0,0,0,0
0,1,1,0,0,1,0,0,1,0,0,0,0,0,0,0
0,1,1,0,0,1,0,1,0,0,0,0,0,0,0,0
0,1,1,0,0,1,0,1,1,0,0,0,0,0,0,0
0,1,1,0,0,1,1,0,0,0,0,0,0,0,0,0
0,1,1,0,0,1,1,0,1,0,0,0,0,0,0,0
0,1,1,0,0,1,1,1,0,0,0,0,0,0,0,0
0,1,1,0,0,1,1,1,1,0,0,0,0,0,0,0
0,1,1,0,1,0,0,0,0,0,0,0,0,0,0,0
0,1,1,0,1,0,0,0,1,0,0,0,0,0,0,0
0,1,1,0,1,0,0,1,0,0,0,0,0,0,0,0
0,1,1,0,1,0,0,1,1,0,0,0,0,0,0,0
0,1,1,0,1,0,1,0,0,0,0,0,0,0,0,0
0,1,1,0,1,0,1,0,1,0,0,0,0,0,0,0
0,1,1,0,1,0,1,1,0,0,0,0,0,0,0,0
0,1,1,0,1,0,1,1,1,0,0,0,0,0,0,0
0,1,1,0,1,1,0,0,0,0,0,0,0,0,0,0
0,1,1,0,1,1,0,0,1,0,0,0,0,0,0,0
0,1,1,0,1,1,0,1,0,0,0,0,0,0,0,0
0,1,1,0,1,1,0,1,1,0,0,0,0,0,0,0
0,1,1,0,1,1,1,0,0,1,0,1,1,0,0,0
0,1,1,0,1,1,1,0,1,1,0,1,1,0,0,1
0,1,1,0,1,1,1,1,0,1,0,1,1,0,1,0
0,1,1,0,1,1,1,1,1,1,0,1,1,0,1,1
0,1,1,1,0,0,0,0,0,0,0,0,0,0,0,0
0,1,1,1,0,0,0,0,1,0,0,0,0,0,0,0
0,1,1,1,0,0,0,1,0,0,0,0,0,0,0,0
0,1,1,1,0,0,0,1,1,0,0,0,0,0,0,0
0,1,1,1,0,0,1,0,0,0,0,0,0,0,0,0
0,1,1,1,0,0,1,0,1,0,0,0,0,0,0,0
0,1,1,1,0,0,1,1,0,0,0,0,0,0,0,0
0,1,1,1,0,0,1,1,1,0,0,0,0,0,0,0
0,1,1,1,0,1,0,0,0,0,0,0,0,0,0,0
0,1,1,1,0,1,0,0,1,0,0,0,0,0,0,0
0,1,1,1,0,1,0,1,0,0,0,0,0,0,0,0
0,1,1,1,0,1,0,1,1,0,0,0,0,0,0,0
0,1,1,1,0,1,1,0,0,0,0,0,0,0,0,0
0,1,1,1,0,1,1,0,1,0,0,0,0,0,0,0
0,1,1,1,0,1,1,1,0,0,0,0,0,0,0,0
0,1,1,1,0,1,1,1,1,0,0,0,0,0,0,0
0,1,1,1,1,0,0,0,0,0,0,0,0,0,0,0
0,1,1,1,1,0,0,0,1,0,0,0,0,0,0,0
0,1,1,1,1,0,0,1,0,0,0,0,0,0,0,0
0,1,1,1,1,0,0,1,1,0,0,0,0,0,0,0
0,1,1,1,1,0,1,0,0,0,0,0,0,0,0,0
0,1,1,1,1,0,1,0,1,0,0,0,0,0,0,0
0,1,1,1,1,0,1,1,0,0,0,0,0,0,0,0
0,1,1,1,1,0,1,1,1,0,0,0,0,0,0,0
0,1,1,1,1,1,0,0,0,0,0,0,0,0,0,0
0,1,1,1,1,1,0,0,1,0,0,0,0,0,0,0
0,1,1,1,1,1,0,1,0,0,0,0,0,0,0,0
0,1,1,1,1,1,0,1,1,0,0,0,0,0,0,0
0,1,1,1,1,1,1,0,0,1,0,1,1,1,0,0
0,1,1,1,1,1,1,0,1,1,0,1,1,1,0,1
0,1,1,1,1,1,1,1,0,1,0,1,1,1,1,0
0,1,1,1,1,1,1,1,1,1,0,1,1,1,1,1
1,0,0,0,0,0,0,0,0,0,0,0,0,0,0,0
1,0,0,0,0,0,0,0,1,0,0,0,0,0,0,0
1,0,0,0,0,0,0,1,0,0,0,0,0,0,0,0
1,0,0,0,0,0,0,1,1,0,0,0,0,0,0,0
1,0,0,0,0,0,1,0,0,0,0,0,0,0,0,0
1,0,0,0,0,0,1,0,1,0,0,0,0,0,0,0
1,0,0,0,0,0,1,1,0,0,0,0,0,0,0,0
1,0,0,0,0,0,1,1,1,0,0,0,0,0,0,0
1,0,0,0,0,1,0,0,0,0,0,0,0,0,0,0
1,0,0,0,0,1,0,0,1,0,0,0,0,0,0,0
1,0,0,0,0,1,0,1,0,0,0,0,0,0,0,0
1,0,0,0,0,1,0,1,1,0,0,0,0,0,0,0
1,0,0,0,0,1,1,0,0,0,0,0,0,0,0,0
1,0,0,0,0,1,1,0,1,0,0,0,0,0,0,0
1,0,0,0,0,1,1,1,0,0,0,0,0,0,0,0
1,0,0,0,0,1,1,1,1,0,0,0,0,0,0,0
1,0,0,0,1,0,0,0,0,0,0,0,0,0,0,0
1,0,0,0,1,0,0,0,1,0,0,0,0,0,0,0
1,0,0,0,1,0,0,1,0,0,0,0,0,0,0,0
1,0,0,0,1,0,0,1,1,0,0,0,0,0,0,0
1,0,0,0,1,0,1,0,0,0,0,0,0,0,0,0
1,0,0,0,1,0,1,0,1,0,0,0,0,0,0,0
1,0,0,0,1,0,1,1,0,0,0,0,0,0,0,0
1,0,0,0,1,0,1,1,1,0,0,0,0,0,0,0
1,0,0,0,1,1,0,0,0,0,0,0,0,0,0,0
1,0,0,0,1,1,0,0,1,0,0,0,0,0,0,0
1,0,0,0,1,1,0,1,0,0,0,0,0,0,0,0
1,0,0,0,1,1,0,1,1,0,0,0,0,0,0,0
1,0,0,0,1,1,1,0,0,1,1,0,0,0,0,0
1,0,0,0,1,1,1,0,1,1,1,0,0,0,0,1
1,0,0,0,1,1,1,1,0,1,1,0,0,0,1,0
1,0,0,0,1,1,1,1,1,1,1,0,0,0,1,1
1,0,0,1,0,0,0,0,0,0,0,0,0,0,0,0
1,0,0,1,0,0,0,0,1,0,0,0,0,0,0,0
1,0,0,1,0,0,0,1,0,0,0,0,0,0,0,0
1,0,0,1,0,0,0,1,1,0,0,0,0,0,0,0
1,0,0,1,0,0,1,0,0,0,0,0,0,0,0,0
1,0,0,1,0,0,1,0,1,0,0,0,0,0,0,0
1,0,0,1,0,0,1,1,0,0,0,0,0,0,0,0
1,0,0,1,0,0,1,1,1,0,0,0,0,0,0,0
1,0,0,1,0,1,0,0,0,0,0,0,0,0,0,0
1,0,0,1,0,1,0,0,1,0,0,0,0,0,0,0
1,0,0,1,0,1,0,1,0,0,0,0,0,0,0,0
1,0,0,1,0,1,0,1,1,0,0,0,0,0,0,0
1,0,0,1,0,1,1,0,0,0,0,0,0,0,0,0
1,0,0,1,0,1,1,0,1,0,0,0,0,0,0,0
1,0,0,1,0,1,1,1,0,0,0,0,0,0,0,0
1,0,0,1,0,1,1,1,1,0,0,0,0,0,0,0
1,0,0,1,1,0,0,0,0,0,0,0,0,0,0,0
1,0,0,1,1,0,0,0,1,0,0,0,0,0,0,0
1,0,0,1,1,0,0,1,0,0,0,0,0,0,0,0
1,0,0,1,1,0,0,1,1,0,0,0,0,0,0,0
1,0,0,1,1,0,1,0,0,0,0,0,0,0,0,0
1,0,0,1,1,0,1,0,1,0,0,0,0,0,0,0
1,0,0,1,1,0,1,1,0,0,0,0,0,0,0,0
1,0,0,1,1,0,1,1,1,0,0,0,0,0,0,0
1,0,0,1,1,1,0,0,0,0,0,0,0,0,0,0
1,0,0,1,1,1,0,0,1,0,0,0,0,0,0,0
1,0,0,1,1,1,0,1,0,0,0,0,0,0,0,0
1,0,0,1,1,1,0,1,1,0,0,0,0,0,0,0
1,0,0,1,1,1,1,0,0,1,1,0,0,1,0,0
1,0,0,1,1,1,1,0,1,1,1,0,0,1,0,1
1,0,0,1,1,1,1,1,0,1,1,0,0,1,1,0
1,0,0,1,1,1,1,1,1,1,1,0,0,1,1,1
1,0,1,0,0,0,0,0,0,0,0,0,0,0,0,0
1,0,1,0,0,0,0,0,1,0,0,0,0,0,0,0
1,0,1,0,0,0,0,1,0,0,0,0,0,0,0,0
1,0,1,0,0,0,0,1,1,0,0,0,0,0,0,0
1,0,1,0,0,0,1,0,0,0,0,0,0,0,0,0
1,0,1,0,0,0,1,0,1,0,0,0,0,0,0,0
1,0,1,0,0,0,1,1,0,0,0,0,0,0,0,0
1,0,1,0,0,0,1,1,1,0,0,0,0,0,0,0
1,0,1,0,0,1,0,0,0,0,0,0,0,0,0,0
1,0,1,0,0,1,0,0,1,0,0,0,0,0,0,0
1,0,1,0,0,1,0,1,0,0,0,0,0,0,0,0
1,0,1,0,0,1,0,1,1,0,0,0,0,0,0,0
1,0,1,0,0,1,1,0,0,0,0,0,0,0,0,0
1,0,1,0,0,1,1,0,1,0,0,0,0,0,0,0
1,0,1,0,0,1,1,1,0,0,0,0,0,0,0,0
1,0,1,0,0,1,1,1,1,0,0,0,0,0,0,0
1,0,1,0,1,0,0,0,0,0,0,0,0,0,0,0
1,0,1,0,1,0,0,0,1,0,0,0,0,0,0,0
1,0,1,0,1,0,0,1,0,0,0,0,0,0,0,0
1,0,1,0,1,0,0,1,1,0,0,0,0,0,0,0
1,0,1,0,1,0,1,0,0,0,0,0,0,0,0,0
1,0,1,0,1,0,1,0,1,0,0,0,0,0,0,0
1,0,1,0,1,0,1,1,0,0,0,0,0,0,0,0
1,0,1,0,1,0,1,1,1,0,0,0,0,0,0,0
1,0,1,0,1,1,0,0,0,0,0,0,0,0,0,0
1,0,1,0,1,1,0,0,1,0,0,0,0,0,0,0
1,0,1,0,1,1,0,1,0,0,0,0,0,0,0,0
1,0,1,0,1,1,0,1,1,0,0,0,0,0,0,0
1,0,1,0,1,1,1,0,0,1,1,0,1,0,0,0
1,0,1,0,1,1,1,0,1,1,1,0,1,0,0,1
1,0,1,0,1,1,1,1,0,1,1,0,1,0,1,0
1,0,1,0,1,1,1,1,1,1,1,0,1,0,1,1
1,0,1,1,0,0,0,0,0,0,0,0,0,0,0,0
1,0,1,1,0,0,0,0,1,0,0,0,0,0,0,0
1,0,1,1,0,0,0,1,0,0,0,0,0,0,0,0
1,0,1,1,0,0,0,1,1,0,0,0,0,0,0,0
1,0,1,1,0,0,1,0,0,0,0,0,0,0,0,0
1,0,1,1,0,0,1,0,1,0,0,0,0,0,0,0
1,0,1,1,0,0,1,1,0,0,0,0,0,0,0,0
1,0,1,1,0,0,1,1,1,0,0,0,0,0,0,0
1,0,1,1,0,1,0,0,0,0,0,0,0,0,0,0
1,0,1,1,0,1,0,0,1,0,0,0,0,0,0,0
1,0,1,1,0,1,0,1,0,0,0,0,0,0,0,0
1,0,1,1,0,1,0,1,1,0,0,0,0,0,0,0
1,0,1,1,0,1,1,0,0,0,0,0,0,0,0,0
1,0,1,1,0,1,1,0,1,0,0,0,0,0,0,0
1,0,1,1,0,1,1,1,0,0,0,0,0,0,0,0
1,0,1,1,0,1,1,1,1,0,0,0,0,0,0,0
1,0,1,1,1,0,0,0,0,0,0,0,0,0,0,0
1,0,1,1,1,0,0,0,1,0,0,0,0,0,0,0
1,0,1,1,1,0,0,1,0,0,0,0,0,0,0,0
1,0,1,1,1,0,0,1,1,0,0,0,0,0,0,0
1,0,1,1,1,0,1,0,0,0,0,0,0,0,0,0
1,0,1,1,1,0,1,0,1,0,0,0,0,0,0,0
1,0,1,1,1,0,1,1,0,0,0,0,0,0,0,0
1,0,1,1,1,0,1,1,1,0,0,0,0,0,0,0
1,0,1,1,1,1,0,0,0,0,0,0,0,0,0,0
1,0,1,1,1,1,0,0,1,0,0,0,0,0,0,0
1,0,1,1,1,1,0,1,0,0,0,0,0,0,0,0
1,0,1,1,1,1,0,1,1,0,0,0,0,0,0,0
1,0,1,1,1,1,1,0,0,1,1,0,1,1,0,0
1,0,1,1,1,1,1,0,1,1,1,0,1,1,0,1
1,0,1,1,1,1,1,1,0,1,1,0,1,1,1,0
1,0,1,1,1,1,1,1,1,1,1,0,1,1,1,1
1,1,0,0,0,0,0,0,0,0,0,0,0,0,0,0
1,1,0,0,0,0,0,0,1,0,0,0,0,0,0,0
1,1,0,0,0,0,0,1,0,0,0,0,0,0,0,0
1,1,0,0,0,0,0,1,1,0,0,0,0,0,0,0
1,1,0,0,0,0,1,0,0,0,0,0,0,0,0,0
1,1,0,0,0,0,1,0,1,0,0,0,0,0,0,0
1,1,0,0,0,0,1,1,0,0,0,0,0,0,0,0
1,1,0,0,0,0,1,1,1,0,0,0,0,0,0,0
1,1,0,0,0,1,0,0,0,0,0,0,0,0,0,0
1,1,0,0,0,1,0,0,1,0,0,0,0,0,0,0
1,1,0,0,0,1,0,1,0,0,0,0,0,0,0,0
1,1,0,0,0,1,0,1,1,0,0,0,0,0,0,0
1,1,0,0,0,1,1,0,0,0,0,0,0,0,0,0
1,1,0,0,0,1,1,0,1,0,0,0,0,0,0,0
1,1,0,0,0,1,1,1,0,0,0,0,0,0,0,0
1,1,0,0,0,1,1,1,1,0,0,0,0,0,0,0
1,1,0,0,1,0,0,0,0,0,0,0,0,0,0,0
1,1,0,0,1,0,0,0,1,0,0,0,0,0,0,0
1,1,0,0,1,0,0,1,0,0,0,0,0,0,0,0
1,1,0,0,1,0,0,1,1,0,0,0,0,0,0,0
1,1,0,0,1,0,1,0,0,0,0,0,0,0,0,0
1,1,0,0,1,0,1,0,1,0,0,0,0,0,0,0
1,1,0,0,1,0,1,1,0,0,0,0,0,0,0,0
1,1,0,0,1,0,1,1,1,0,0,0,0,0,0,0
1,1,0,0,1,1,0,0,0,0,0,0,0,0,0,0
1,1,0,0,1,1,0,0,1,0,0,0,0,0,0,0
1,1,0,0,1,1,0,1,0,0,0,0,0,0,0,0
1,1,0,0,1,1,0,1,1,0,0,0,0,0,0,0
1,1,0,0,1,1,1,0,0,1,1,1,0,0,0,0
1,1,0,0,1,1,1,0,1,1,1,1,0,0,0,1
1,1,0,0,1,1,1,1,0,1,1,1,0,0,1,0
1,1,0,0,1,1,1,1,1,1,1,1,0,0,1,1
1,1,0,1,0,0,0,0,0,0,0,0,0,0,0,0
1,1,0,1,0,0,0,0,1,0,0,0,0,0,0,0
1,1,0,1,0,0,0,1,0,0,0,0,0,0,0,0
1,1,0,1,0,0,0,1,1,0,0,0,0,0,0,0
1,1,0,1,0,0,1,0,0,0,0,0,0,0,0,0
1,1,0,1,0,0,1,0,1,0,0,0,0,0,0,0
1,1,0,1,0,0,1,1,0,0,0,0,0,0,0,0
1,1,0,1,0,0,1,1,1,0,0,0,0,0,0,0
1,1,0,1,0,1,0,0,0,0,0,0,0,0,0,0
1,1,0,1,0,1,0,0,1,0,0,0,0,0,0,0
1,1,0,1,0,1,0,1,0,0,0,0,0,0,0,0
1,1,0,1,0,1,0,1,1,0,0,0,0,0,0,0
1,1,0,1,0,1,1,0,0,0,0,0,0,0,0,0
1,1,0,1,0,1,1,0,1,0,0,0,0,0,0,0
1,1,0,1,0,1,1,1,0,0,0,0,0,0,0,0
1,1,0,1,0,1,1,1,1,0,0,0,0,0,0,0
1,1,0,1,1,0,0,0,0,0,0,0,0,0,0,0
1,1,0,1,1,0,0,0,1,0,0,0,0,0,0,0
1,1,0,1,1,0,0,1,0,0,0,0,0,0,0,0
1,1,0,1,1,0,0,1,1,0,0,0,0,0,0,0
1,1,0,1,1,0,1,0,0,0,0,0,0,0,0,0
1,1,0,1,1,0,1,0,1,0,0,0,0,0,0,0
1,1,0,1,1,0,1,1,0,0,0,0,0,0,0,0
1,1,0,1,1,0,1,1,1,0,0,0,0,0,0,0
1,1,0,1,1,1,0,0,0,0,0,0,0,0,0,0
1,1,0,1,1,1,0,0,1,0,0,0,0,0,0,0
1,1,0,1,1,1,0,1,0,0,0,0,0,0,0,0
1,1,0,1,1,1,0,1,1,0,0,0,0,0,0,0
1,1,0,1,1,1,1,0,0,1,1,1,0,1,0,0
1,1,0,1,1,1,1,0,1,1,1,1,0,1,0,1
1,1,0,1,1,1,1,1,0,1,1,1,0,1,1,0
1,1,0,1,1,1,1,1,1,1,1,1,0,1,1,1
1,1,1,0,0,0,0,0,0,0,0,0,0,0,0,0
1,1,1,0,0,0,0,0,1,0,0,0,0,0,0,0
1,1,1,0,0,0,0,1,0,0,0,0,0,0,0,0
1,1,1,0,0,0,0,1,1,0,0,0,0,0,0,0
1,1,1,0,0,0,1,0,0,0,0,0,0,0,0,0
1,1,1,0,0,0,1,0,1,0,0,0,0,0,0,0
1,1,1,0,0,0,1,1,0,0,0,0,0,0,0,0
1,1,1,0,0,0,1,1,1,0,0,0,0,0,0,0
1,1,1,0,0,1,0,0,0,0,0,0,0,0,0,0
1,1,1,0,0,1,0,0,1,0,0,0,0,0,0,0
1,1,1,0,0,1,0,1,0,0,0,0,0,0,0,0
1,1,1,0,0,1,0,1,1,0,0,0,0,0,0,0
1,1,1,0,0,1,1,0,0,0,0,0,0,0,0,0
1,1,1,0,0,1,1,0,1,0,0,0,0,0,0,0
1,1,1,0,0,1,1,1,0,0,0,0,0,0,0,0
1,1,1,0,0,1,1,1,1,0,0,0,0,0,0,0
1,1,1,0,1,0,0,0,0,0,0,0,0,0,0,0
1,1,1,0,1,0,0,0,1,0,0,0,0,0,0,0
1,1,1,0,1,0,0,1,0,0,0,0,0,0,0,0
1,1,1,0,1,0,0,1,1,0,0,0,0,0,0,0
1,1,1,0,1,0,1,0,0,0,0,0,0,0,0,0
1,1,1,0,1,0,1,0,1,0,0,0,0,0,0,0
1,1,1,0,1,0,1,1,0,0,0,0,0,0,0,0
1,1,1,0,1,0,1,1,1,0,0,0,0,0,0,0
1,1,1,0,1,1,0,0,0,0,0,0,0,0,0,0
1,1,1,0,1,1,0,0,1,0,0,0,0,0,0,0
1,1,1,0,1,1,0,1,0,0,0,0,0,0,0,0
1,1,1,0,1,1,0,1,1,0,0,0,0,0,0,0
1,1,1,0,1,1,1,0,0,1,1,1,1,0,0,0
1,1,1,0,1,1,1,0,1,1,1,1,1,0,0,1
1,1,1,0,1,1,1,1,0,1,1,1,1,0,1,0
1,1,1,0,1,1,1,1,1,1,1,1,1,0,1,1
1,1,1,1,0,0,0,0,0,0,0,0,0,0,0,0
1,1,1,1,0,0,0,0,1,0,0,0,0,0,0,0
1,1,1,1,0,0,0,1,0,0,0,0,0,0,0,0
1,1,1,1,0,0,0,1,1,0,0,0,0,0,0,0
1,1,1,1,0,0,1,0,0,0,0,0,0,0,0,0
1,1,1,1,0,0,1,0,1,0,0,0,0,0,0,0
1,1,1,1,0,0,1,1,0,0,0,0,0,0,0,0
1,1,1,1,0,0,1,1,1,0,0,0,0,0,0,0
1,1,1,1,0,1,0,0,0,0,0,0,0,0,0,0
1,1,1,1,0,1,0,0,1,0,0,0,0,0,0,0
1,1,1,1,0,1,0,1,0,0,0,0,0,0,0,0
1,1,1,1,0,1,0,1,1,0,0,0,0,0,0,0
1,1,1,1,0,1,1,0,0,0,0,0,0,0,0,0
1,1,1,1,0,1,1,0,1,0,0,0,0,0,0,0
1,1,1,1,0,1,1,1,0,0,0,0,0,0,0,0
1,1,1,1,0,1,1,1,1,0,0,0,0,0,0,0
1,1,1,1,1,0,0,0,0,0,0,0,0,0,0,0
1,1,1,1,1,0,0,0,1,0,0,0,0,0,0,0
1,1,1,1,1,0,0,1,0,0,0,0,0,0,0,0
1,1,1,1,1,0,0,1,1,0,0,0,0,0,0,0
1,1,1,1,1,0,1,0,0,0,0,0,0,0,0,0
1,1,1,1,1,0,1,0,1,0,0,0,0,0,0,0
1,1,1,1,1,0,1,1,0,0,0,0,0,0,0,0
1,1,1,1,1,0,1,1,1,0,0,0,0,0,0,0
1,1,1,1,1,1,0,0,0,0,0,0,0,0,0,0
1,1,1,1,1,1,0,0,1,0,0,0,0,0,0,0
1,1,1,1,1,1,0,1,0,0,0,0,0,0,0,0
1,1,1,1,1,1,0,1,1,0,0,0,0,0,0,0
1,1,1,1,1,1,1,0,0,1,1,1,1,1,0,0
1,1,1,1,1,1,1,0,1,1,1,1,1,1,0,1
1,1,1,1,1,1,1,1,0,1,1,1,1,1,1,0
1,1,1,1,1,1,1,1,1,1,1,1,1,1,1,1
